config,rep,event,t,target_id,true_x,true_y,robot_dist_m,threshold_m,detail
APF,1,start,1788986541.099372512,0,10.0,10.0,,,
APF,1,inspected,1788986562.199529447,0,,,1.77,,credited 1/3
APF,1,start,1788986648.303011129,1,0.0,15.0,,,
APF,1,inspected,1788986668.403240481,1,,,1.77,,credited 2/3
APF,1,start,1788986700.238425092,2,-5.0,5.0,,,
APF,1,inspected,1788986725.273890763,2,,,1.78,,credited 3/3
APF,2,start,1788987030.193070555,0,10.0,10.0,,,
APF,2,inspected,1788987052.225894993,0,,,1.78,,credited 1/3
APF,2,start,1788987132.424007043,1,0.0,15.0,,,
APF,2,inspected,1788987153.573619602,1,,,1.77,,credited 2/3
APF,2,start,1788987185.453199471,2,-5.0,5.0,,,
APF,2,inspected,1788987210.419136213,2,,,1.79,,credited 3/3
APF,3,start,1788987518.621830937,0,10.0,10.0,,,
APF,3,inspected,1788987540.864122299,0,,,1.76,,credited 1/3
APF,3,start,1788987621.075516847,1,0.0,15.0,,,
APF,3,inspected,1788987642.335412550,1,,,1.78,,credited 2/3
APF,3,start,1788987674.088374399,2,-5.0,5.0,,,
APF,3,inspected,1788987698.087879066,2,,,1.77,,credited 3/3
APF,4,start,1788988000.570613501,0,10.0,10.0,,,
APF,4,inspected,1788988022.722707291,0,,,1.76,,credited 1/3
APF,4,start,1788988102.525739727,1,0.0,15.0,,,
APF,4,inspected,1788988123.483095039,1,,,1.76,,credited 2/3
APF,4,start,1788988154.238081844,2,-5.0,5.0,,,
APF,4,inspected,1788988179.393618540,2,,,1.78,,credited 3/3
APF,5,start,1788988485.931836396,0,10.0,10.0,,,
APF,5,inspected,1788988508.084943433,0,,,1.77,,credited 1/3
APF,5,start,1788988598.288270743,1,0.0,15.0,,,
APF,5,inspected,1788988619.342770466,1,,,1.78,,credited 2/3
APF,5,start,1788988651.201227684,2,-5.0,5.0,,,
APF,5,inspected,1788988676.350868193,2,,,1.77,,credited 3/3
APF,6,start,1788988986.897325304,0,10.0,10.0,,,
APF,6,inspected,1788989009.113871814,0,,,1.78,,credited 1/3
APF,6,start,1788989085.266224984,1,0.0,15.0,,,
APF,6,inspected,1788989106.308235270,1,,,1.77,,credited 2/3
APF,6,start,1788989137.206408896,2,-5.0,5.0,,,
APF,6,inspected,1788989161.306426062,2,,,1.78,,credited 3/3
APF,7,start,1788989472.102304889,0,10.0,10.0,,,
APF,7,inspected,1788989493.202833764,0,,,1.77,,credited 1/3
APF,7,start,1788989575.265048806,1,0.0,15.0,,,
APF,7,inspected,1788989595.364828870,1,,,1.78,,credited 2/3
APF,7,start,1788989627.134345177,2,-5.0,5.0,,,
APF,7,inspected,1788989652.114924351,2,,,1.78,,credited 3/3
APF,8,start,1788989956.081443174,0,10.0,10.0,,,
APF,8,inspected,1788989978.187630014,0,,,1.80,,credited 1/3
APF,8,start,1788990053.438167257,1,0.0,15.0,,,
APF,8,inspected,1788990074.571413431,1,,,1.77,,credited 2/3
APF,8,start,1788990105.510174002,2,-5.0,5.0,,,
APF,8,inspected,1788990129.609640265,2,,,1.78,,credited 3/3
APF,9,start,1788990436.144727420,0,10.0,10.0,,,
APF,9,inspected,1788990457.145551453,0,,,1.76,,credited 1/3
APF,9,start,1788990538.597857181,1,0.0,15.0,,,
APF,9,inspected,1788990558.597605648,1,,,1.78,,credited 2/3
APF,9,start,1788990589.558505436,2,-5.0,5.0,,,
APF,9,inspected,1788990614.807093602,2,,,1.77,,credited 3/3
CONF,1,start,1788914545.215045966,0,10.0,10.0,,,
CONF,1,inspected,1788914556.615526294,0,,,2.23,,credited 1/4
CONF,1,start,1788914612.507007107,1,0.0,15.0,,,
CONF,1,inspected,1788914625.507309733,1,,,2.23,,credited 2/4
CONF,1,start,1788914659.147959232,2,-5.0,5.0,,,
CONF,1,inspected,1788914669.748438920,2,,,2.23,,credited 3/4
CONF,10,start,1788918475.850667836,0,10.0,10.0,,,
CONF,10,inspected,1788918485.850587927,0,,,2.23,,credited 1/4
CONF,10,start,1788918546.199416170,1,0.0,15.0,,,
CONF,10,inspected,1788918558.095581724,1,,,2.23,,credited 2/4
CONF,10,start,1788918589.691208770,2,-5.0,5.0,,,
CONF,10,inspected,1788918600.490724482,2,,,2.23,,credited 3/4
CONF,2,start,1788914977.201343784,0,10.0,10.0,,,
CONF,2,inspected,1788914988.601151149,0,,,2.23,,credited 1/4
CONF,2,start,1788915043.483005613,1,0.0,15.0,,,
CONF,2,inspected,1788915056.883030473,1,,,2.23,,credited 2/4
CONF,2,start,1788915090.122356924,2,-5.0,5.0,,,
CONF,2,inspected,1788915101.364135248,2,,,2.23,,credited 3/4
CONF,3,start,1788915412.157512731,0,10.0,10.0,,,
CONF,3,inspected,1788915424.157493661,0,,,2.23,,credited 1/4
CONF,3,start,1788915481.402771851,1,0.0,15.0,,,
CONF,3,inspected,1788915494.868854577,1,,,2.23,,credited 2/4
CONF,3,start,1788915529.745640586,2,-5.0,5.0,,,
CONF,3,inspected,1788915539.546362712,2,,,2.23,,credited 3/4
CONF,4,start,1788915847.270779283,0,10.0,10.0,,,
CONF,4,inspected,1788915859.899955545,0,,,2.23,,credited 1/4
CONF,4,start,1788915918.513708017,1,0.0,15.0,,,
CONF,4,inspected,1788915931.126263117,1,,,2.24,,credited 2/4
CONF,4,start,1788915963.640962799,2,-5.0,5.0,,,
CONF,4,inspected,1788915974.241284778,2,,,2.22,,credited 3/4
CONF,5,start,1788916283.269937560,0,10.0,10.0,,,
CONF,5,inspected,1788916294.670125167,0,,,2.23,,credited 1/4
CONF,5,start,1788916351.585690773,1,0.0,15.0,,,
CONF,5,inspected,1788916363.984776452,1,,,2.22,,credited 2/4
CONF,5,start,1788916396.207536905,2,-5.0,5.0,,,
CONF,5,inspected,1788916407.808113218,2,,,2.23,,credited 3/4
CONF,6,start,1788916718.018992781,0,10.0,10.0,,,
CONF,6,inspected,1788916729.419639939,0,,,2.23,,credited 1/4
CONF,6,start,1788916784.269584797,1,0.0,15.0,,,
CONF,6,inspected,1788916797.669751214,1,,,2.22,,credited 2/4
CONF,6,start,1788916832.907045729,2,-5.0,5.0,,,
CONF,6,inspected,1788916842.535245741,2,,,2.22,,credited 3/4
CONF,7,start,1788917155.526510964,0,10.0,10.0,,,
CONF,7,inspected,1788917165.926727740,0,,,2.23,,credited 1/4
CONF,7,start,1788917221.975145321,1,0.0,15.0,,,
CONF,7,inspected,1788917234.774842406,1,,,2.22,,credited 2/4
CONF,7,start,1788917268.694562128,2,-5.0,5.0,,,
CONF,7,inspected,1788917280.217306457,2,,,2.23,,credited 3/4
CONF,8,start,1788917601.047504305,0,10.0,10.0,,,
CONF,8,inspected,1788917612.247661624,0,,,2.22,,credited 1/4
CONF,8,start,1788917667.466062317,1,0.0,15.0,,,
CONF,8,inspected,1788917680.866335764,1,,,2.22,,credited 2/4
CONF,8,start,1788917714.170753670,2,-5.0,5.0,,,
CONF,8,inspected,1788917724.770708015,2,,,2.22,,credited 3/4
CONF,9,start,1788918036.770677969,0,10.0,10.0,,,
CONF,9,inspected,1788918048.970538876,0,,,2.22,,credited 1/4
CONF,9,start,1788918106.250202946,1,0.0,15.0,,,
CONF,9,inspected,1788918118.650358223,1,,,2.22,,credited 2/4
CONF,9,start,1788918151.011244203,2,-5.0,5.0,,,
CONF,9,inspected,1788918162.343571917,2,,,2.24,,credited 3/4
DHa,10,start,1789085735.792105671,0,2.0,-13.0,,,
DHa,10,hazard_activated,1789085744.591904570,100,1.21,-10.13,,,
DHa,10,keepout_first,1789085744.592401520,100,1.21,-10.13,,,
DHa,10,reactive_first,1789085744.593568225,100,1.21,-10.13,,,
DHa,10,deferred,1789085745.792281572,0,,,,,
DHa,2,start,1789082146.866048472,0,2.0,-13.0,,,
DHa,2,hazard_activated,1789082156.165622306,100,1.55,-10.08,,,
DHa,2,keepout_first,1789082156.165935611,100,1.55,-10.08,,,
DHa,2,reactive_first,1789082156.167084765,100,1.55,-10.08,,,
DHa,2,deferred,1789082156.866093204,0,,,,,
DHa,3,start,1789082556.513044766,0,2.0,-13.0,,,
DHa,3,hazard_activated,1789082565.812791854,100,1.56,-10.13,,,
DHa,3,keepout_first,1789082565.813118295,100,1.56,-10.13,,,
DHa,3,reactive_first,1789082565.814314567,100,1.56,-10.13,,,
DHa,3,deferred,1789082566.512939994,0,,,,,
DHa,4,start,1789082972.149295860,0,2.0,-13.0,,,
DHa,4,hazard_activated,1789082981.448363226,100,1.21,-10.20,,,
DHa,4,keepout_first,1789082981.448678294,100,1.21,-10.20,,,
DHa,4,reactive_first,1789082981.449947175,100,1.21,-10.20,,,
DHa,4,deferred,1789082982.149016347,0,,,,,
DHa,5,start,1789083389.738623566,0,2.0,-13.0,,,
DHa,5,hazard_activated,1789083398.538595942,100,1.56,-10.10,,,
DHa,5,keepout_first,1789083398.539050709,100,1.56,-10.10,,,
DHa,5,reactive_first,1789083398.540231392,100,1.56,-10.10,,,
DHa,5,deferred,1789083399.739016625,0,,,,,
DHa,6,start,1789083806.331943820,0,2.0,-13.0,,,
DHa,6,hazard_activated,1789083815.630967222,100,1.56,-10.14,,,
DHa,6,keepout_first,1789083815.631273789,100,1.56,-10.14,,,
DHa,6,reactive_first,1789083815.632479353,100,1.56,-10.14,,,
DHa,6,deferred,1789083816.331891810,0,,,,,
DHa,7,start,1789084218.952988717,0,2.0,-13.0,,,
DHa,7,hazard_activated,1789084227.752404612,100,1.80,-10.03,,,
DHa,7,keepout_first,1789084227.752913112,100,1.80,-10.03,,,
DHa,7,reactive_first,1789084227.754490405,100,1.80,-10.03,,,
DHa,7,deferred,1789084228.952953125,0,,,,,
DHa,9,start,1789085319.198092791,0,2.0,-13.0,,,
DHa,9,hazard_activated,1789085327.997157190,100,1.25,-10.17,,,
DHa,9,keepout_first,1789085327.997479757,100,1.25,-10.17,,,
DHa,9,reactive_first,1789085327.998733325,100,1.25,-10.17,,,
DHa,9,deferred,1789085329.197747564,0,,,,,
DHb,1,start,1789086167.646620132,0,2.0,-13.0,,,
DHb,1,hazard_activated,1789086177.446269792,100,1.20,-10.23,,,
DHb,1,keepout_first,1789086177.446784847,100,1.20,-10.23,,,
DHb,1,reactive_first,1789086177.447924987,100,1.20,-10.23,,,
DHb,1,inspected,1789086183.046706048,0,,,2.23,,credited 1/1
DHb,10,start,1789089826.242046672,0,2.0,-13.0,,,
DHb,10,hazard_activated,1789089835.541605625,100,1.34,-10.14,,,
DHb,10,keepout_first,1789089835.541960198,100,1.34,-10.14,,,
DHb,10,reactive_first,1789089835.543065685,100,1.34,-10.14,,,
DHb,10,inspected,1789089841.441431918,0,,,2.23,,credited 1/1
DHb,2,start,1789086574.275369186,0,2.0,-13.0,,,
DHb,2,hazard_activated,1789086583.574648656,100,1.06,-10.24,,,
DHb,2,keepout_first,1789086583.575117551,100,1.06,-10.24,,,
DHb,2,reactive_first,1789086583.576870452,100,1.06,-10.24,,,
DHb,2,inspected,1789086589.275204583,0,,,2.22,,credited 1/1
DHb,3,start,1789086985.898558723,0,2.0,-13.0,,,
DHb,3,hazard_activated,1789086995.198697002,100,1.21,-10.18,,,
DHb,3,keepout_first,1789086995.199009923,100,1.21,-10.18,,,
DHb,3,reactive_first,1789086995.200216333,100,1.21,-10.18,,,
DHb,3,inspected,1789087000.899069707,0,,,2.23,,credited 1/1
DHb,4,start,1789087393.587779413,0,2.0,-13.0,,,
DHb,4,hazard_activated,1789087403.386818001,100,1.35,-10.20,,,
DHb,4,keepout_first,1789087403.387227094,100,1.35,-10.20,,,
DHb,4,reactive_first,1789087403.388482048,100,1.35,-10.20,,,
DHb,4,inspected,1789087408.987160470,0,,,2.22,,credited 1/1
DHb,5,start,1789087797.181834218,0,2.0,-13.0,,,
DHb,5,hazard_activated,1789087806.480736322,100,1.22,-10.23,,,
DHb,5,keepout_first,1789087806.481074210,100,1.22,-10.23,,,
DHb,5,reactive_first,1789087806.482263199,100,1.22,-10.23,,,
DHb,5,inspected,1789087812.181352373,0,,,2.22,,credited 1/1
DHb,6,start,1789088203.789840422,0,2.0,-13.0,,,
DHb,6,hazard_activated,1789088213.089164960,100,1.05,-10.23,,,
DHb,6,keepout_first,1789088213.089488866,100,1.05,-10.23,,,
DHb,6,reactive_first,1789088213.090644322,100,1.05,-10.23,,,
DHb,6,inspected,1789088218.989919722,0,,,2.22,,credited 1/1
DHb,7,start,1789088610.400409128,0,2.0,-13.0,,,
DHb,7,failed,1789088610.600026096,0,,,,,navegação
DHb,7,start,1789088610.799452203,0,2.0,-13.0,,,
DHb,7,hazard_activated,1789088619.199624464,100,1.26,-10.12,,,
DHb,7,keepout_first,1789088619.199928527,100,1.26,-10.12,,,
DHb,7,reactive_first,1789088619.201209689,100,1.26,-10.12,,,
DHb,7,inspected,1789088625.200589900,0,,,2.22,,credited 1/1
DHb,8,start,1789089019.238183541,0,2.0,-13.0,,,
DHb,8,hazard_activated,1789089028.538060825,100,1.22,-10.22,,,
DHb,8,keepout_first,1789089028.538429418,100,1.22,-10.22,,,
DHb,8,reactive_first,1789089028.539613678,100,1.22,-10.22,,,
DHb,8,inspected,1789089034.238342819,0,,,2.22,,credited 1/1
DHb,9,start,1789089424.625083072,0,2.0,-13.0,,,
DHb,9,hazard_activated,1789089433.925070730,100,1.19,-10.15,,,
DHb,9,keepout_first,1789089433.925406328,100,1.19,-10.15,,,
DHb,9,reactive_first,1789089433.926461144,100,1.19,-10.15,,,
DHb,9,inspected,1789089439.825552008,0,,,2.23,,credited 1/1
E0,1,start,1788968422.198528178,0,10.0,10.0,,,
E0,1,inspected,1788968434.397984875,0,,,2.23,,credited 1/3
E0,1,start,1788968489.808046550,1,0.0,15.0,,,
E0,1,inspected,1788968503.208224059,1,,,2.22,,credited 2/3
E0,1,start,1788968536.679583427,2,-5.0,5.0,,,
E0,1,inspected,1788968547.278356457,2,,,2.23,,credited 3/3
E0,10,start,1788972389.772101693,0,10.0,10.0,,,
E0,10,inspected,1788972402.283579293,0,,,2.24,,credited 1/3
E0,10,start,1788972458.587607445,1,0.0,15.0,,,
E0,10,inspected,1788972471.897537295,1,,,2.24,,credited 2/3
E0,10,start,1788972505.399576996,2,-5.0,5.0,,,
E0,10,inspected,1788972515.199456166,2,,,2.22,,credited 3/3
E0,2,start,1788968867.641913051,0,10.0,10.0,,,
E0,2,inspected,1788968879.441688686,0,,,2.23,,credited 1/3
E0,2,start,1788968938.330025755,1,0.0,15.0,,,
E0,2,inspected,1788968951.584571042,1,,,2.23,,credited 2/3
E0,2,start,1788968984.043238153,2,-5.0,5.0,,,
E0,2,inspected,1788968994.843225152,2,,,2.23,,credited 3/3
E0,3,start,1788969314.115259953,0,10.0,10.0,,,
E0,3,inspected,1788969325.515354735,0,,,2.23,,credited 1/3
E0,3,start,1788969381.860196262,1,0.0,15.0,,,
E0,3,inspected,1788969394.460379804,1,,,2.24,,credited 2/3
E0,3,start,1788969426.720801411,2,-5.0,5.0,,,
E0,3,inspected,1788969438.321530283,2,,,2.23,,credited 3/3
E0,4,start,1788969758.280809311,0,10.0,10.0,,,
E0,4,inspected,1788969769.481357535,0,,,2.22,,credited 1/3
E0,4,start,1788969825.010463740,1,0.0,15.0,,,
E0,4,inspected,1788969838.610976227,1,,,2.23,,credited 2/3
E0,4,start,1788969871.876534031,2,-5.0,5.0,,,
E0,4,inspected,1788969883.537592922,2,,,2.21,,credited 3/3
E0,5,start,1788970199.332420834,0,10.0,10.0,,,
E0,5,inspected,1788970211.744426517,0,,,2.22,,credited 1/3
E0,5,start,1788970268.146378151,1,0.0,15.0,,,
E0,5,inspected,1788970281.400741542,1,,,2.23,,credited 2/3
E0,5,start,1788970313.859915405,2,-5.0,5.0,,,
E0,5,inspected,1788970324.660114530,2,,,2.23,,credited 3/3
E0,6,start,1788970637.230190366,0,10.0,10.0,,,
E0,6,inspected,1788970649.897245343,0,,,2.23,,credited 1/3
E0,6,start,1788970706.796633527,1,0.0,15.0,,,
E0,6,inspected,1788970720.396698087,1,,,2.23,,credited 2/3
E0,6,start,1788970752.676306586,2,-5.0,5.0,,,
E0,6,inspected,1788970764.276781063,2,,,2.23,,credited 3/3
E0,7,start,1788971075.745990975,0,10.0,10.0,,,
E0,7,inspected,1788971086.946380246,0,,,2.23,,credited 1/3
E0,7,start,1788971142.489758458,1,0.0,15.0,,,
E0,7,inspected,1788971156.090075261,1,,,2.23,,credited 2/3
E0,7,start,1788971188.370153323,2,-5.0,5.0,,,
E0,7,inspected,1788971199.970304750,2,,,2.23,,credited 3/3
E0,8,start,1788971515.151887204,0,10.0,10.0,,,
E0,8,inspected,1788971526.352020735,0,,,2.23,,credited 1/3
E0,8,start,1788971583.977400224,1,0.0,15.0,,,
E0,8,inspected,1788971596.577264615,1,,,2.23,,credited 2/3
E0,8,start,1788971628.887687232,2,-5.0,5.0,,,
E0,8,inspected,1788971640.600174158,2,,,2.23,,credited 3/3
E0,9,start,1788971952.556599378,0,10.0,10.0,,,
E0,9,inspected,1788971964.665386622,0,,,2.23,,credited 1/3
E0,9,start,1788972022.371864415,1,0.0,15.0,,,
E0,9,inspected,1788972035.283287296,1,,,2.23,,credited 2/3
E0,9,start,1788972070.197263334,2,-5.0,5.0,,,
E0,9,inspected,1788972079.196802072,2,,,2.22,,credited 3/3
E2,1,start,1788972841.336582292,0,10.0,10.0,,,
E2,1,inspected,1788972852.536426935,0,,,2.23,,credited 1/3
E2,1,start,1788972910.159616123,1,0.0,15.0,,,
E2,1,inspected,1788972922.759721984,1,,,2.23,,credited 2/3
E2,1,start,1788972957.066593715,2,-5.0,5.0,,,
E2,1,inspected,1788972966.977450331,2,,,2.23,,credited 3/3
E2,10,start,1788976813.079709091,0,10.0,10.0,,,
E2,10,inspected,1788976823.079628338,0,,,2.23,,credited 1/3
E2,10,start,1788976878.860619952,1,0.0,15.0,,,
E2,10,inspected,1788976892.260198964,1,,,2.23,,credited 2/3
E2,10,start,1788976925.789229700,2,-5.0,5.0,,,
E2,10,inspected,1788976936.589244112,2,,,2.22,,credited 3/3
E2,2,start,1788973277.708460726,0,10.0,10.0,,,
E2,2,inspected,1788973290.413672970,0,,,2.22,,credited 1/3
E2,2,start,1788973346.524556856,1,0.0,15.0,,,
E2,2,inspected,1788973361.042530139,1,,,2.22,,credited 2/3
E2,2,start,1788973395.303054062,2,-5.0,5.0,,,
E2,2,inspected,1788973405.103607883,2,,,2.24,,credited 3/3
E2,3,start,1788973722.128843514,0,10.0,10.0,,,
E2,3,inspected,1788973733.928175102,0,,,2.23,,credited 1/3
E2,3,start,1788973791.938523450,1,0.0,15.0,,,
E2,3,inspected,1788973805.138562710,1,,,2.23,,credited 2/3
E2,3,start,1788973841.957846846,2,-5.0,5.0,,,
E2,3,inspected,1788973850.157746691,2,,,2.22,,credited 3/3
E2,4,start,1788974163.867667843,0,10.0,10.0,,,
E2,4,inspected,1788974175.668211467,0,,,2.23,,credited 1/3
E2,4,start,1788974234.736128626,1,0.0,15.0,,,
E2,4,inspected,1788974247.336429165,1,,,2.24,,credited 2/3
E2,4,start,1788974278.717356211,2,-5.0,5.0,,,
E2,4,inspected,1788974291.257569609,2,,,2.22,,credited 3/3
E2,5,start,1788974605.648067446,0,10.0,10.0,,,
E2,5,inspected,1788974616.248180590,0,,,2.22,,credited 1/3
E2,5,start,1788974672.538289767,1,0.0,15.0,,,
E2,5,inspected,1788974686.421842688,1,,,2.23,,credited 2/3
E2,5,start,1788974719.337235555,2,-5.0,5.0,,,
E2,5,inspected,1788974730.937071616,2,,,2.22,,credited 3/3
E2,6,start,1788975044.440895981,0,10.0,10.0,,,
E2,6,inspected,1788975057.223305246,0,,,2.23,,credited 1/3
E2,6,start,1788975115.386599945,1,0.0,15.0,,,
E2,6,inspected,1788975128.586494679,1,,,2.24,,credited 2/3
E2,6,start,1788975163.343643548,2,-5.0,5.0,,,
E2,6,inspected,1788975173.144090103,2,,,2.22,,credited 3/3
E2,7,start,1788975483.355288571,0,10.0,10.0,,,
E2,7,inspected,1788975495.355369401,0,,,2.23,,credited 1/3
E2,7,start,1788975552.035422798,1,0.0,15.0,,,
E2,7,inspected,1788975565.435717454,1,,,2.22,,credited 2/3
E2,7,start,1788975598.873038878,2,-5.0,5.0,,,
E2,7,inspected,1788975609.673450555,2,,,2.22,,credited 3/3
E2,8,start,1788975927.207105632,0,10.0,10.0,,,
E2,8,inspected,1788975938.606925242,0,,,2.23,,credited 1/3
E2,8,start,1788975993.935551198,1,0.0,15.0,,,
E2,8,inspected,1788976007.335414997,1,,,2.24,,credited 2/3
E2,8,start,1788976039.820622919,2,-5.0,5.0,,,
E2,8,inspected,1788976051.983527060,2,,,2.23,,credited 3/3
E2,9,start,1788976366.385406456,0,10.0,10.0,,,
E2,9,inspected,1788976379.276104316,0,,,2.22,,credited 1/3
E2,9,start,1788976434.303345760,1,0.0,15.0,,,
E2,9,inspected,1788976448.414582439,1,,,2.23,,credited 2/3
E2,9,start,1788976483.139426454,2,-5.0,5.0,,,
E2,9,inspected,1788976492.939665293,2,,,2.24,,credited 3/3
E3,1,start,1788910153.621622610,0,10.0,10.0,,,
E3,1,inspected,1788910165.621302727,0,,,2.22,,credited 1/3
E3,1,start,1788910221.621209251,1,0.0,15.0,,,
E3,1,inspected,1788910234.221953220,1,,,2.23,,credited 2/3
E3,1,start,1788910265.621646964,2,-5.0,5.0,,,
E3,1,inspected,1788910277.221785687,2,,,2.22,,credited 3/3
E3,10,start,1788914098.155621851,0,10.0,10.0,,,
E3,10,inspected,1788914109.555517265,0,,,2.23,,credited 1/3
E3,10,start,1788914165.416336355,1,0.0,15.0,,,
E3,10,inspected,1788914178.882992577,1,,,2.22,,credited 2/3
E3,10,start,1788914213.690115798,2,-5.0,5.0,,,
E3,10,inspected,1788914223.491004583,2,,,2.23,,credited 3/3
E3,2,start,1788910584.308194199,0,10.0,10.0,,,
E3,2,inspected,1788910595.508052723,0,,,2.24,,credited 1/3
E3,2,start,1788910650.380213074,1,0.0,15.0,,,
E3,2,inspected,1788910664.510680329,1,,,2.23,,credited 2/3
E3,2,start,1788910696.910673199,2,-5.0,5.0,,,
E3,2,inspected,1788910707.710550444,2,,,2.21,,credited 3/3
E3,3,start,1788911014.846466144,0,10.0,10.0,,,
E3,3,inspected,1788911027.328302274,0,,,2.22,,credited 1/3
E3,3,start,1788911082.809835519,1,0.0,15.0,,,
E3,3,inspected,1788911096.960305631,1,,,2.23,,credited 2/3
E3,3,start,1788911129.855680457,2,-5.0,5.0,,,
E3,3,inspected,1788911140.656143073,2,,,2.23,,credited 3/3
E3,4,start,1788911458.702114803,0,10.0,10.0,,,
E3,4,inspected,1788911469.502758029,0,,,2.22,,credited 1/3
E3,4,start,1788911525.807167794,1,0.0,15.0,,,
E3,4,inspected,1788911539.007815606,1,,,2.23,,credited 2/3
E3,4,start,1788911571.359478653,2,-5.0,5.0,,,
E3,4,inspected,1788911582.556599668,2,,,2.22,,credited 3/3
E3,5,start,1788911899.785616046,0,10.0,10.0,,,
E3,5,inspected,1788911911.173450629,0,,,2.24,,credited 1/3
E3,5,start,1788911965.967992491,1,0.0,15.0,,,
E3,5,inspected,1788911979.945295267,1,,,2.23,,credited 2/3
E3,5,start,1788912014.130619313,2,-5.0,5.0,,,
E3,5,inspected,1788912023.930680286,2,,,2.22,,credited 3/3
E3,6,start,1788912340.097797279,0,10.0,10.0,,,
E3,6,inspected,1788912351.497134323,0,,,2.22,,credited 1/3
E3,6,start,1788912406.208224382,1,0.0,15.0,,,
E3,6,inspected,1788912419.608497135,1,,,2.22,,credited 2/3
E3,6,start,1788912451.871292852,2,-5.0,5.0,,,
E3,6,inspected,1788912463.471284051,2,,,2.21,,credited 3/3
E3,7,start,1788912781.428478351,0,10.0,10.0,,,
E3,7,inspected,1788912793.428292293,0,,,2.23,,credited 1/3
E3,7,start,1788912849.633779961,1,0.0,15.0,,,
E3,7,inspected,1788912863.002424356,1,,,2.23,,credited 2/3
E3,7,start,1788912896.786531754,2,-5.0,5.0,,,
E3,7,inspected,1788912907.385862356,2,,,2.22,,credited 3/3
E3,8,start,1788913222.114786411,0,10.0,10.0,,,
E3,8,inspected,1788913234.803022241,0,,,2.22,,credited 1/3
E3,8,start,1788913292.198759120,1,0.0,15.0,,,
E3,8,inspected,1788913305.198207586,1,,,2.22,,credited 2/3
E3,8,start,1788913339.855170025,2,-5.0,5.0,,,
E3,8,inspected,1788913349.655513667,2,,,2.23,,credited 3/3
E3,9,start,1788913660.019680868,0,10.0,10.0,,,
E3,9,inspected,1788913671.619490557,0,,,2.23,,credited 1/3
E3,9,start,1788913727.344548894,1,0.0,15.0,,,
E3,9,inspected,1788913740.144539960,1,,,2.22,,credited 2/3
E3,9,start,1788913774.000911173,2,-5.0,5.0,,,
E3,9,inspected,1788913784.464952885,2,,,2.23,,credited 3/3
E4,1,start,1788977267.526107310,0,10.0,10.0,,,
E4,1,inspected,1788977280.458025811,0,,,2.23,,credited 1/3
E4,1,start,1788977337.292698788,1,0.0,15.0,,,
E4,1,inspected,1788977350.692428627,1,,,2.22,,credited 2/3
E4,1,start,1788977385.202696891,2,-5.0,5.0,,,
E4,1,inspected,1788977395.003641402,2,,,2.22,,credited 3/3
E4,10,start,1788981248.851644545,0,10.0,10.0,,,
E4,10,inspected,1788981261.862348027,0,,,2.23,,credited 1/3
E4,10,start,1788981319.812578581,1,0.0,15.0,,,
E4,10,inspected,1788981332.812407549,1,,,2.22,,credited 2/3
E4,10,start,1788981365.734746952,2,-5.0,5.0,,,
E4,10,inspected,1788981377.334244532,2,,,2.22,,credited 3/3
E4,2,start,1788977713.398521675,0,10.0,10.0,,,
E4,2,inspected,1788977724.798711117,0,,,2.22,,credited 1/3
E4,2,start,1788977781.229890899,1,0.0,15.0,,,
E4,2,inspected,1788977794.229701835,1,,,2.22,,credited 2/3
E4,2,start,1788977828.141385993,2,-5.0,5.0,,,
E4,2,inspected,1788977839.540007821,2,,,2.22,,credited 3/3
E4,3,start,1788978146.905004525,0,10.0,10.0,,,
E4,3,inspected,1788978158.904622905,0,,,2.23,,credited 1/3
E4,3,start,1788978216.781311033,1,0.0,15.0,,,
E4,3,inspected,1788978229.581280701,1,,,2.23,,credited 2/3
E4,3,start,1788978263.642948332,2,-5.0,5.0,,,
E4,3,inspected,1788978275.309067283,2,,,2.23,,credited 3/3
E4,4,start,1788978598.971404071,0,10.0,10.0,,,
E4,4,inspected,1788978609.371500958,0,,,2.23,,credited 1/3
E4,4,start,1788978664.830333719,1,0.0,15.0,,,
E4,4,inspected,1788978678.430158246,1,,,2.23,,credited 2/3
E4,4,start,1788978712.745753228,2,-5.0,5.0,,,
E4,4,inspected,1788978722.546063716,2,,,2.22,,credited 3/3
E4,5,start,1788979043.053932243,0,10.0,10.0,,,
E4,5,inspected,1788979054.453667212,0,,,2.23,,credited 1/3
E4,5,start,1788979111.978288760,1,0.0,15.0,,,
E4,5,inspected,1788979124.177556408,1,,,2.23,,credited 2/3
E4,5,start,1788979158.942193018,2,-5.0,5.0,,,
E4,5,inspected,1788979169.708202233,2,,,2.23,,credited 3/3
E4,6,start,1788979490.143977984,0,10.0,10.0,,,
E4,6,inspected,1788979503.105164023,0,,,2.23,,credited 1/3
E4,6,start,1788979560.050506161,1,0.0,15.0,,,
E4,6,inspected,1788979573.050102292,1,,,2.23,,credited 2/3
E4,6,start,1788979608.018373512,2,-5.0,5.0,,,
E4,6,inspected,1788979617.819242890,2,,,2.22,,credited 3/3
E4,7,start,1788979931.299231951,0,10.0,10.0,,,
E4,7,inspected,1788979943.499449881,0,,,2.22,,credited 1/3
E4,7,start,1788980000.286218032,1,0.0,15.0,,,
E4,7,inspected,1788980013.286336810,1,,,2.23,,credited 2/3
E4,7,start,1788980046.303283439,2,-5.0,5.0,,,
E4,7,inspected,1788980058.920058660,2,,,2.23,,credited 3/3
E4,8,start,1788980376.725624303,0,10.0,10.0,,,
E4,8,inspected,1788980388.925797715,0,,,2.22,,credited 1/3
E4,8,start,1788980444.479582678,1,0.0,15.0,,,
E4,8,inspected,1788980458.761777581,1,,,2.23,,credited 2/3
E4,8,start,1788980491.244671849,2,-5.0,5.0,,,
E4,8,inspected,1788980502.844112216,2,,,2.22,,credited 3/3
E4,9,start,1788980814.063816280,0,10.0,10.0,,,
E4,9,inspected,1788980826.412863526,0,,,2.23,,credited 1/3
E4,9,start,1788980881.810055306,1,0.0,15.0,,,
E4,9,inspected,1788980895.510662187,1,,,2.22,,credited 2/3
E4,9,start,1788980929.637665457,2,-5.0,5.0,,,
E4,9,inspected,1788980939.437944776,2,,,2.24,,credited 3/3
E5,1,reactive_first,1789076812.881702194,100,0.37,-8.29,,,
E5,1,start,1789076933.582163488,0,10.0,10.0,,,
E5,1,inspected,1789076944.381885064,0,,,2.23,,credited 1/5
E5,1,start,1789076945.581311804,1,7.0,8.0,,,
E5,1,inspected,1789076960.781793708,1,,,2.22,,credited 2/5
E5,1,start,1789077023.582158922,2,0.0,15.0,,,
E5,1,inspected,1789077037.181408683,2,,,2.23,,credited 3/5
E5,1,start,1789077069.581935147,3,-5.0,5.0,,,
E5,1,inspected,1789077080.382246568,3,,,2.22,,credited 4/5
E5,1,start,1789077081.582310885,4,-8.0,8.0,,,
E5,1,inspected,1789077093.582469824,4,,,2.22,,credited 5/5
E5,10,reactive_first,1789080965.602085125,100,0.34,-8.29,,,
E5,10,start,1789081085.301925874,0,10.0,10.0,,,
E5,10,inspected,1789081096.501685275,0,,,2.23,,credited 1/5
E5,10,start,1789081097.301793150,1,7.0,8.0,,,
E5,10,inspected,1789081112.301855867,1,,,2.23,,credited 2/5
E5,10,start,1789081178.301303265,2,0.0,15.0,,,
E5,10,inspected,1789081191.301737754,2,,,2.23,,credited 3/5
E5,10,start,1789081223.301927051,3,-5.0,5.0,,,
E5,10,inspected,1789081234.902531193,3,,,2.23,,credited 4/5
E5,10,start,1789081238.302244452,4,-8.0,8.0,,,
E5,10,inspected,1789081248.301817621,4,,,2.22,,credited 5/5
E5,2,reactive_first,1789077273.032838702,100,0.39,-8.29,,,
E5,2,start,1789077392.232210675,0,10.0,10.0,,,
E5,2,inspected,1789077403.432880275,0,,,2.23,,credited 1/5
E5,2,start,1789077404.232584291,1,7.0,8.0,,,
E5,2,inspected,1789077419.231920436,1,,,2.23,,credited 2/5
E5,2,start,1789077485.232215266,2,0.0,15.0,,,
E5,2,inspected,1789077498.032820851,2,,,2.22,,credited 3/5
E5,2,start,1789077530.232017847,3,-5.0,5.0,,,
E5,2,inspected,1789077540.832903534,3,,,2.24,,credited 4/5
E5,2,start,1789077541.032691173,4,-8.0,8.0,,,
E5,2,failed,1789077541.232739236,4,,,,,navegação
E5,2,start,1789077542.232474142,4,-8.0,8.0,,,
E5,2,inspected,1789077553.232068379,4,,,2.22,,credited 5/5
E5,3,reactive_first,1789077738.676178669,100,0.45,-8.29,,,
E5,3,start,1789077856.876424857,0,10.0,10.0,,,
E5,3,inspected,1789077868.677139912,0,,,2.23,,credited 1/5
E5,3,start,1789077869.876303815,1,7.0,8.0,,,
E5,3,inspected,1789077884.676266774,1,,,2.23,,credited 2/5
E5,3,start,1789077949.876271125,2,0.0,15.0,,,
E5,3,inspected,1789077962.675819658,2,,,2.23,,credited 3/5
E5,3,start,1789077994.875678771,3,-5.0,5.0,,,
E5,3,inspected,1789078005.676958973,3,,,2.23,,credited 4/5
E5,3,start,1789078005.876367817,4,-8.0,8.0,,,
E5,3,inspected,1789078017.876069566,4,,,2.23,,credited 5/5
E5,4,reactive_first,1789078199.794960702,100,0.40,-8.29,,,
E5,4,start,1789078320.501550895,0,10.0,10.0,,,
E5,4,inspected,1789078331.301893216,0,,,2.23,,credited 1/5
E5,4,start,1789078333.501126221,1,7.0,8.0,,,
E5,4,inspected,1789078349.900700673,1,,,2.21,,credited 2/5
E5,4,start,1789078414.500815708,2,0.0,15.0,,,
E5,4,inspected,1789078427.500714011,2,,,2.22,,credited 3/5
E5,4,start,1789078460.500934740,3,-5.0,5.0,,,
E5,4,inspected,1789078471.301504167,3,,,2.21,,credited 4/5
E5,4,start,1789078472.500577503,4,-8.0,8.0,,,
E5,4,inspected,1789078484.301556418,4,,,2.23,,credited 5/5
E5,5,reactive_first,1789078668.919380224,100,0.41,-8.29,,,
E5,5,start,1789078787.119231711,0,10.0,10.0,,,
E5,5,inspected,1789078799.119299230,0,,,2.22,,credited 1/5
E5,5,start,1789078801.118613629,1,7.0,8.0,,,
E5,5,inspected,1789078816.718943703,1,,,2.21,,credited 2/5
E5,5,start,1789078880.118602352,2,0.0,15.0,,,
E5,5,inspected,1789078893.719257374,2,,,2.22,,credited 3/5
E5,5,start,1789078928.218028084,3,-5.0,5.0,,,
E5,5,inspected,1789078937.018468015,3,,,2.24,,credited 4/5
E5,5,start,1789078938.218060879,4,-8.0,8.0,,,
E5,5,inspected,1789078949.417528284,4,,,2.22,,credited 5/5
E5,6,reactive_first,1789079134.156351531,100,0.37,-8.29,,,
E5,6,start,1789079253.857109147,0,10.0,10.0,,,
E5,6,inspected,1789079265.056582666,0,,,2.23,,credited 1/5
E5,6,start,1789079265.257132598,1,7.0,8.0,,,
E5,6,inspected,1789079278.257046881,1,,,2.22,,credited 2/5
E5,6,start,1789079342.857581515,2,0.0,15.0,,,
E5,6,inspected,1789079356.056386963,2,,,2.22,,credited 3/5
E5,6,start,1789079387.856823865,3,-5.0,5.0,,,
E5,6,inspected,1789079398.457316536,3,,,2.21,,credited 4/5
E5,6,start,1789079398.657704642,4,-8.0,8.0,,,
E5,6,failed,1789079398.856992147,4,,,,,navegação
E5,7,reactive_first,1789079588.252941920,100,0.42,-8.29,,,
E5,7,start,1789079707.452960856,0,10.0,10.0,,,
E5,7,inspected,1789079718.653331475,0,,,2.23,,credited 1/5
E5,7,start,1789079719.452909083,1,7.0,8.0,,,
E5,7,inspected,1789079734.453092741,1,,,2.23,,credited 2/5
E5,7,start,1789079799.453702427,2,0.0,15.0,,,
E5,7,inspected,1789079813.053287908,2,,,2.22,,credited 3/5
E5,7,start,1789079844.459085995,3,-5.0,5.0,,,
E5,7,inspected,1789079856.059036298,3,,,2.23,,credited 4/5
E5,7,start,1789079856.259153033,4,-8.0,8.0,,,
E5,7,inspected,1789079868.259499511,4,,,2.23,,credited 5/5
E5,8,reactive_first,1789080046.376102568,100,0.33,-8.29,,,
E5,8,start,1789080166.076263421,0,10.0,10.0,,,
E5,8,inspected,1789080177.275974462,0,,,2.23,,credited 1/5
E5,8,start,1789080178.075742932,1,7.0,8.0,,,
E5,8,inspected,1789080192.876602165,1,,,2.23,,credited 2/5
E5,8,start,1789080258.077003654,2,0.0,15.0,,,
E5,8,inspected,1789080271.676380337,2,,,2.23,,credited 3/5
E5,8,start,1789080303.076624120,3,-5.0,5.0,,,
E5,8,inspected,1789080314.676390045,3,,,2.23,,credited 4/5
E5,8,start,1789080314.877355134,4,-8.0,8.0,,,
E5,8,failed,1789080315.076083745,4,,,,,navegação
E5,8,start,1789080316.076315410,4,-8.0,8.0,,,
E5,8,inspected,1789080327.276549435,4,,,2.22,,credited 5/5
E5,9,reactive_first,1789080506.001019892,100,0.37,-8.29,,,
E5,9,start,1789080625.700202704,0,10.0,10.0,,,
E5,9,inspected,1789080637.100116746,0,,,2.22,,credited 1/5
E5,9,start,1789080637.700332883,1,7.0,8.0,,,
E5,9,inspected,1789080652.700427510,1,,,2.22,,credited 2/5
E5,9,start,1789080718.700699024,2,0.0,15.0,,,
E5,9,inspected,1789080731.301133828,2,,,2.24,,credited 3/5
E5,9,start,1789080762.700864547,3,-5.0,5.0,,,
E5,9,inspected,1789080773.501324439,3,,,2.23,,credited 4/5
E5,9,start,1789080777.700809588,4,-8.0,8.0,,,
E5,9,inspected,1789080787.700546431,4,,,2.22,,credited 5/5
KOa,1,start,1788953141.724558953,0,10.0,10.0,,,
KOa,1,inspected,1788953153.724466123,0,,,2.24,,credited 1/3
KOa,1,start,1788953210.800518911,1,0.0,15.0,,,
KOa,1,inspected,1788953223.601476389,1,,,2.23,,credited 2/3
KOa,1,start,1788953256.336570509,2,-5.0,5.0,,,
KOa,1,inspected,1788953268.472794547,2,,,2.22,,credited 3/3
KOa,10,start,1788956967.253351056,0,10.0,10.0,,,
KOa,10,inspected,1788956979.894918824,0,,,2.22,,credited 1/3
KOa,10,start,1788957035.539129876,1,0.0,15.0,,,
KOa,10,inspected,1788957049.585432480,1,,,2.23,,credited 2/3
KOa,10,start,1788957081.788854272,2,-5.0,5.0,,,
KOa,10,inspected,1788957093.389298318,2,,,2.24,,credited 3/3
KOa,2,start,1788953566.498642510,0,10.0,10.0,,,
KOa,2,inspected,1788953577.698443084,0,,,2.23,,credited 1/3
KOa,2,start,1788953631.959569621,1,0.0,15.0,,,
KOa,2,inspected,1788953645.559239356,1,,,2.23,,credited 2/3
KOa,2,start,1788953678.415168281,2,-5.0,5.0,,,
KOa,2,inspected,1788953689.215074055,2,,,2.23,,credited 3/3
KOa,3,start,1788953984.118561398,0,10.0,10.0,,,
KOa,3,inspected,1788953996.379521208,0,,,2.23,,credited 1/3
KOa,3,start,1788954054.654164829,1,0.0,15.0,,,
KOa,3,inspected,1788954066.854097791,1,,,2.24,,credited 2/3
KOa,3,start,1788954098.095826349,2,-5.0,5.0,,,
KOa,3,inspected,1788954109.695233871,2,,,2.22,,credited 3/3
KOa,4,start,1788954408.506280767,0,10.0,10.0,,,
KOa,4,inspected,1788954421.301529649,0,,,2.23,,credited 1/3
KOa,4,start,1788954476.659596537,1,0.0,15.0,,,
KOa,4,inspected,1788954490.618235280,1,,,2.23,,credited 2/3
KOa,4,start,1788954524.783966737,2,-5.0,5.0,,,
KOa,4,inspected,1788954534.784271295,2,,,2.22,,credited 3/3
KOa,5,start,1788954833.349564715,0,10.0,10.0,,,
KOa,5,inspected,1788954846.134022403,0,,,2.23,,credited 1/3
KOa,5,start,1788954903.408579027,1,0.0,15.0,,,
KOa,5,inspected,1788954916.287278133,1,,,2.23,,credited 2/3
KOa,5,start,1788954948.366130085,2,-5.0,5.0,,,
KOa,5,inspected,1788954958.967276015,2,,,2.23,,credited 3/3
KOa,6,start,1788955259.302385138,0,10.0,10.0,,,
KOa,6,inspected,1788955270.388203782,0,,,2.23,,credited 1/3
KOa,6,start,1788955327.436684850,1,0.0,15.0,,,
KOa,6,inspected,1788955340.530471093,1,,,2.23,,credited 2/3
KOa,6,start,1788955371.363298359,2,-5.0,5.0,,,
KOa,6,inspected,1788955382.962475247,2,,,2.22,,credited 3/3
KOa,7,start,1788955688.083252035,0,10.0,10.0,,,
KOa,7,inspected,1788955700.275888175,0,,,2.24,,credited 1/3
KOa,7,start,1788955757.796832919,1,0.0,15.0,,,
KOa,7,inspected,1788955769.996723371,1,,,2.22,,credited 2/3
KOa,7,start,1788955802.324917307,2,-5.0,5.0,,,
KOa,7,inspected,1788955813.125056526,2,,,2.23,,credited 3/3
KOa,8,start,1788956116.983923038,0,10.0,10.0,,,
KOa,8,inspected,1788956129.344351042,0,,,2.23,,credited 1/3
KOa,8,start,1788956185.655987498,1,0.0,15.0,,,
KOa,8,inspected,1788956199.256304829,1,,,2.23,,credited 2/3
KOa,8,start,1788956232.198558810,2,-5.0,5.0,,,
KOa,8,inspected,1788956242.999251491,2,,,2.22,,credited 3/3
KOa,9,start,1788956546.418697969,0,10.0,10.0,,,
KOa,9,inspected,1788956557.418673246,0,,,2.22,,credited 1/3
KOa,9,start,1788956612.564615489,1,0.0,15.0,,,
KOa,9,inspected,1788956625.765023665,1,,,2.23,,credited 2/3
KOa,9,start,1788956658.142640573,2,-5.0,5.0,,,
KOa,9,inspected,1788956669.743351012,2,,,2.24,,credited 3/3
KOb,3,start,1788959233.603586893,0,10.0,10.0,,,
KOb,3,inspected,1788959245.494745513,0,,,2.22,,credited 1/3
KOb,8,start,1788962718.632125116,0,10.0,10.0,,,
KOb,8,inspected,1788962729.831828506,0,,,2.24,,credited 1/3
KOb,8,start,1788962785.838083608,1,0.0,15.0,,,
N1,1,start,1788991932.112810479,0,10.0,10.0,,,
N1,1,inspected,1788991946.552215987,0,,,2.24,,credited 1/3
N1,1,start,1788991998.479605137,1,0.0,15.0,,,
N1,1,inspected,1788992012.790190417,1,,,3.07,,credited 2/3
N1,1,start,1788992047.738929319,2,-5.0,5.0,,,
N1,1,inspected,1788992057.739264351,2,,,2.67,,credited 3/3
N1,10,start,1788995967.975139114,0,10.0,10.0,,,
N1,10,inspected,1788995983.539201341,0,,,1.92,,credited 1/3
N1,10,start,1788996041.441708590,1,0.0,15.0,,,
N1,10,inspected,1788996054.557905079,1,,,2.67,,credited 2/3
N1,10,start,1788996086.684636954,2,-5.0,5.0,,,
N1,10,inspected,1788996096.284492785,2,,,2.77,,credited 3/3
N1,2,start,1788992377.926494585,0,10.0,10.0,,,
N1,2,inspected,1788992389.526321933,0,,,2.26,,credited 1/3
N1,2,start,1788992444.180855187,1,0.0,15.0,,,
N1,2,inspected,1788992457.980908692,1,,,2.31,,credited 2/3
N1,2,start,1788992492.293264858,2,-5.0,5.0,,,
N1,2,inspected,1788992499.293856983,2,,,2.92,,credited 3/3
N1,3,start,1788992829.238191478,0,10.0,10.0,,,
N1,3,inspected,1788992841.269121991,0,,,2.35,,credited 1/3
N1,3,start,1788992899.679457646,1,0.0,15.0,,,
N1,3,inspected,1788992913.640612276,1,,,1.93,,credited 2/3
N1,3,start,1788992946.001434845,2,-5.0,5.0,,,
N1,3,inspected,1788992958.802344419,2,,,2.14,,credited 3/3
N1,4,start,1788993282.499271425,0,10.0,10.0,,,
N1,4,inspected,1788993294.098987718,0,,,2.11,,credited 1/3
N1,4,start,1788993348.635132146,1,0.0,15.0,,,
N1,4,inspected,1788993363.035528286,1,,,2.22,,credited 2/3
N1,4,start,1788993395.706149908,2,-5.0,5.0,,,
N1,4,inspected,1788993408.374721784,2,,,2.48,,credited 3/3
N1,5,start,1788993727.030550456,0,10.0,10.0,,,
N1,5,inspected,1788993739.030895005,0,,,2.64,,credited 1/3
N1,5,start,1788993797.392523888,1,0.0,15.0,,,
N1,5,inspected,1788993811.326094180,1,,,2.53,,credited 2/3
N1,5,start,1788993846.708912846,2,-5.0,5.0,,,
N1,5,inspected,1788993857.309421419,2,,,2.07,,credited 3/3
N1,6,start,1788994176.268873805,0,10.0,10.0,,,
N1,6,inspected,1788994187.868904795,0,,,2.88,,credited 1/3
N1,6,start,1788994245.552527708,1,0.0,15.0,,,
N1,6,inspected,1788994258.552915445,1,,,2.18,,credited 2/3
N1,6,start,1788994291.704158487,2,-5.0,5.0,,,
N1,6,inspected,1788994303.904178088,2,,,2.18,,credited 3/3
N1,7,start,1788994628.693384470,0,10.0,10.0,,,
N1,7,inspected,1788994639.693968265,0,,,2.28,,credited 1/3
N1,7,start,1788994699.035661371,1,0.0,15.0,,,
N1,7,inspected,1788994710.312926749,1,,,2.90,,credited 2/3
N1,7,start,1788994739.112806902,2,-5.0,5.0,,,
N1,7,inspected,1788994752.400156597,2,,,2.31,,credited 3/3
N1,8,start,1788995071.952020848,0,10.0,10.0,,,
N1,8,inspected,1788995085.766285349,0,,,2.16,,credited 1/3
N1,8,start,1788995143.593330637,1,0.0,15.0,,,
N1,8,inspected,1788995156.193009041,1,,,2.41,,credited 2/3
N1,8,start,1788995189.828315529,2,-5.0,5.0,,,
N1,8,inspected,1788995201.042879768,2,,,2.08,,credited 3/3
N1,9,start,1788995520.310412696,0,10.0,10.0,,,
N1,9,inspected,1788995531.710880944,0,,,2.31,,credited 1/3
N1,9,start,1788995588.597491796,1,0.0,15.0,,,
N1,9,inspected,1788995600.197678096,1,,,2.63,,credited 2/3
N1,9,start,1788995632.775895962,2,-5.0,5.0,,,
N1,9,inspected,1788995645.009861938,2,,,2.14,,credited 3/3
N2,1,start,1788996433.327721778,0,10.0,10.0,,,
N2,1,inspected,1788996446.187705129,0,,,2.70,,credited 1/3
N2,1,start,1788996498.820185131,1,0.0,15.0,,,
N2,1,inspected,1788996513.244164972,1,,,2.64,,credited 2/3
N2,1,start,1788996543.043940734,2,-5.0,5.0,,,
N2,1,inspected,1788996555.032263882,2,,,2.90,,credited 3/3
N2,2,start,1788996881.454773142,0,10.0,10.0,,,
N2,2,rejected,1788996892.254944323,0,,,3.33,3.30,
N2,2,start,1788996946.559160833,1,0.0,15.0,,,
N2,2,inspected,1788996960.159259203,1,,,3.28,,credited 1/3
N2,2,start,1788996990.611095467,2,-5.0,5.0,,,
N2,2,inspected,1788997002.811008157,2,,,3.30,,credited 2/3
N2,3,start,1788997350.063510361,0,10.0,10.0,,,
N2,3,inspected,1788997363.063387405,0,,,2.64,,credited 1/3
N2,3,start,1788997421.284320104,1,0.0,15.0,,,
N2,3,inspected,1788997432.284541917,1,,,2.96,,credited 2/3
N2,3,start,1788997460.402678024,2,-5.0,5.0,,,
N2,3,inspected,1788997473.402525774,2,,,2.87,,credited 3/3
N2,4,start,1788997809.049014242,0,10.0,10.0,,,
N2,4,inspected,1788997824.259353359,0,,,1.83,,credited 1/3
N2,4,start,1788997881.589907093,1,0.0,15.0,,,
N2,4,inspected,1788997894.990088949,1,,,2.58,,credited 2/3
N2,4,start,1788997925.762356586,2,-5.0,5.0,,,
N2,4,inspected,1788997936.563316052,2,,,2.68,,credited 3/3
N2,5,start,1788998266.151230415,0,10.0,10.0,,,
N2,5,inspected,1788998277.952133833,0,,,2.29,,credited 1/3
N2,5,start,1788998333.531013352,1,0.0,15.0,,,
N2,5,inspected,1788998345.531440428,1,,,3.18,,credited 2/3
N2,5,start,1788998378.721004680,2,-5.0,5.0,,,
N2,5,rejected,1788998389.307654135,2,,,3.36,3.30,
N2,6,start,1788998732.601284821,0,10.0,10.0,,,
N2,6,inspected,1788998744.601287707,0,,,2.54,,credited 1/3
N2,6,start,1788998803.150737641,1,0.0,15.0,,,
N2,6,inspected,1788998815.550823915,1,,,2.27,,credited 2/3
N2,6,start,1788998846.462254196,2,-5.0,5.0,,,
N2,6,inspected,1788998860.569615627,2,,,2.18,,credited 3/3
N2,7,start,1788999190.271162647,0,10.0,10.0,,,
N2,7,rejected,1788999199.470947183,0,,,3.56,3.30,
N2,7,start,1788999248.502140212,1,0.0,15.0,,,
N2,7,rejected,1788999262.763960523,1,,,3.47,3.30,
N2,7,start,1788999293.988401140,2,-5.0,5.0,,,
N2,7,inspected,1788999306.388733627,2,,,2.52,,credited 1/3
N2,8,start,1788999643.115807963,0,10.0,10.0,,,
N2,8,rejected,1788999655.840249243,0,,,3.34,3.30,
N2,8,start,1788999710.366466279,1,0.0,15.0,,,
N2,8,inspected,1788999723.095657694,1,,,2.90,,credited 1/3
N2,8,start,1788999757.906277581,2,-5.0,5.0,,,
N2,8,inspected,1788999766.106589836,2,,,2.82,,credited 2/3
N2,9,start,1789000093.548382264,0,10.0,10.0,,,
N2,9,inspected,1789000104.548218960,0,,,2.91,,credited 1/3
N2,9,start,1789000166.048862485,1,0.0,15.0,,,
N2,9,inspected,1789000177.848338423,1,,,2.24,,credited 2/3
N2,9,start,1789000205.336847841,2,-5.0,5.0,,,
N2,9,rejected,1789000217.937380235,2,,,3.53,3.30,
RHM,1,start,1788944590.439284559,0,10.0,10.0,,,
RHM,1,inspected,1788944602.240342577,0,,,2.23,,credited 1/3
RHM,1,start,1788944659.439209383,1,0.0,15.0,,,
RHM,1,inspected,1788944671.639015567,1,,,2.23,,credited 2/3
RHM,1,start,1788944703.438972927,2,-5.0,5.0,,,
RHM,1,inspected,1788944714.039222977,2,,,2.23,,credited 3/3
RHM,10,start,1788948801.614853776,0,10.0,10.0,,,
RHM,10,inspected,1788948813.415433335,0,,,2.23,,credited 1/3
RHM,10,start,1788948869.614696514,1,0.0,15.0,,,
RHM,10,inspected,1788948881.814276747,1,,,2.22,,credited 2/3
RHM,10,start,1788948912.614561390,2,-5.0,5.0,,,
RHM,10,inspected,1788948924.214411444,2,,,2.23,,credited 3/3
RHM,2,start,1788945027.083400631,0,10.0,10.0,,,
RHM,2,inspected,1788945037.883567560,0,,,2.23,,credited 1/3
RHM,2,start,1788945095.083060602,1,0.0,15.0,,,
RHM,2,inspected,1788945106.682850134,1,,,2.23,,credited 2/3
RHM,2,start,1788945138.082507598,2,-5.0,5.0,,,
RHM,2,inspected,1788945148.882962530,2,,,2.22,,credited 3/3
RHM,3,start,1788945466.959342984,0,10.0,10.0,,,
RHM,3,inspected,1788945477.760511835,0,,,2.23,,credited 1/3
RHM,3,start,1788945531.959514990,1,0.0,15.0,,,
RHM,3,inspected,1788945545.559994202,1,,,2.23,,credited 2/3
RHM,3,start,1788945578.959630493,2,-5.0,5.0,,,
RHM,3,inspected,1788945588.761090820,2,,,2.23,,credited 3/3
RHM,4,start,1788945907.549872774,0,10.0,10.0,,,
RHM,4,inspected,1788945918.749952472,0,,,2.22,,credited 1/3
RHM,4,start,1788945972.550090735,1,0.0,15.0,,,
RHM,4,inspected,1788945986.150018169,1,,,2.22,,credited 2/3
RHM,4,start,1788946019.550123582,2,-5.0,5.0,,,
RHM,4,inspected,1788946029.350598987,2,,,2.22,,credited 3/3
RHM,6,start,1788947043.190579120,0,10.0,10.0,,,
RHM,6,inspected,1788947055.190979901,0,,,2.24,,credited 1/3
RHM,6,start,1788947110.190651364,1,0.0,15.0,,,
RHM,6,inspected,1788947122.790749339,1,,,2.23,,credited 2/3
RHM,6,start,1788947155.190940591,2,-5.0,5.0,,,
RHM,6,inspected,1788947165.990842297,2,,,2.22,,credited 3/3
RHM,7,start,1788947479.793704072,0,10.0,10.0,,,
RHM,7,inspected,1788947491.193225878,0,,,2.23,,credited 1/3
RHM,7,start,1788947545.794220975,1,0.0,15.0,,,
RHM,7,inspected,1788947558.993945548,1,,,2.23,,credited 2/3
RHM,7,start,1788947591.793839617,2,-5.0,5.0,,,
RHM,7,inspected,1788947602.593831895,2,,,2.21,,credited 3/3
RHM,8,start,1788947921.430232883,0,10.0,10.0,,,
RHM,8,inspected,1788947932.231282249,0,,,2.22,,credited 1/3
RHM,8,start,1788947988.430137194,1,0.0,15.0,,,
RHM,8,inspected,1788948000.630423802,1,,,2.22,,credited 2/3
RHM,8,start,1788948032.429781548,2,-5.0,5.0,,,
RHM,8,inspected,1788948043.230899241,2,,,2.22,,credited 3/3
RHM,9,start,1788948363.008213115,0,10.0,10.0,,,
RHM,9,inspected,1788948374.208314205,0,,,2.23,,credited 1/3
RHM,9,start,1788948429.007378416,1,0.0,15.0,,,
RHM,9,inspected,1788948442.208748950,1,,,2.22,,credited 2/3
RHM,9,start,1788948476.007624801,2,-5.0,5.0,,,
RHM,9,inspected,1788948485.808400539,2,,,2.23,,credited 3/3
